id;first_name;last_name;email;phone_number;street_address;postal_code;city;state_province;country;education;skills;resume;resume_content_type
1;Bridie;Oberbrunner;Carissa.OConnell-Fisher@yahoo.com;East digest;Northwest Omnigender Northwest;Human Djibouti;East Kolecester;Reggae Account;Belize;red outlying;Southwest;../fake-data/blob/hipster.png;image/png
2;Caitlyn;Upton;Laverna_Weissnat@gmail.com;Fort Minivan;pension Orchestrator doloremque;Hatchback;West Bartholometon;Savings;Mauritania;Inverse gadzooks Chief;virtual Gasoline black;../fake-data/blob/hipster.png;image/png
3;Jaime;Smitham;Garnett66@yahoo.com;plum markets;index portals;South Pizza Toyota;Cruickshankshire;Neon diffuse;Namibia;Gallium newton Senior;Berkshire North;../fake-data/blob/hipster.png;image/png
4;Trever;Kunde;Karli97@gmail.com;red Tandem overconfidently;regional;Czechia;South Jaida;orchid;Egypt;Christmas;Wagon;../fake-data/blob/hipster.png;image/png
5;Dewitt;Jenkins;Rosella30@yahoo.com;pixelate standardization Cambridgeshire;Diesel;farad;Franeyfield;Hybrid Games;Russian Federation;cyclooxygenase male interface;Metal Niobium;../fake-data/blob/hipster.png;image/png
6;Josefina;Wyman;Hugh_Hickle36@yahoo.com;truthfully;South Cotton;Mini Orlo;St. Clair Shores;Handcrafted;Sri Lanka;Modern Home Specialist;East Pants;../fake-data/blob/hipster.png;image/png
7;Dahlia;Marvin;Bruce91@hotmail.com;Rupee system Electric;Loan virtual;Metrics database partnerships;Baumbachberg;Health Hybrid;Pitcairn Islands;Liaison;duh Car Austria;../fake-data/blob/hipster.png;image/png
8;Domenica;Corwin;Derick.Hoppe@gmail.com;Electronics Luxurious copy;Investor Coupe driver;Berkshire;East Moshe;Loan deposit quantify;South Sudan;Bicycle;conglomeration;../fake-data/blob/hipster.png;image/png
9;Skye;Leuschke;Riley60@hotmail.com;Northeast Rustic;grant;freely Towels;Lake Marceloworth;payment solutions mole;Uruguay;Auto geez;Music;../fake-data/blob/hipster.png;image/png
10;Jaren;Miller;Coralie92@hotmail.com;corporis;feed invoice program;Account;Lake Raleigh;24/7 dolorem;Tajikistan;Gasoline;Clothing redundant Soap;../fake-data/blob/hipster.png;image/png
