id;job_title;department;industry;vacancies;expiry_date;street_address;postal_code;city;state_province;country;job_requirement;job_responsibility;skills;language;min_salary;max_salary;working_hours;benefits
1;Customer Operations Engineer;Southwest Strategist;Volkswagen;29335;2023-08-04;Computer East;ohm;North Elnahaven;an;Bhutan;sharply pfft;Erbium Chevrolet;sky;ENGLISH;13716;21807;2411;Chevrolet pixel
2;Principal Tactics Supervisor;pascal Innovative Ferrari;Sweden Electric gosling;18669;2023-08-03;Rolls;Feil;Turcotteborough;override Outdoors;Namibia;when;Tanzania;female newton Refined;FRENCH;5247;14445;12454;Honda Future
3;Lead Implementation Associate;becquerel;olive Trans Genderqueer;24937;2023-08-03;Convertible;project;West Shaylee;Fresh;Slovakia;Jordanian;Transexual;Folk;FRENCH;22579;22115;18880;since excluding
4;Investor Assurance Strategist;Music Electric;Trafficway kiss female;24422;2023-08-04;Rock Liaison navigate;Account Hafnium 24/7;Bartfield;Cobalt;Kenya;East;Account killer;ew Games;ENGLISH;27463;18835;12146;parcel
5;Global Assurance Supervisor;Recycled;Recumbent pink;1242;2023-08-03;quia ponce Intelligent;Gorgeous Berkshire input;Christiansenfurt;Metal;Virgin Islands, U.S.;dolorem Soap whose;dynamic parsing;Account Beauty;FRENCH;5558;3778;911;quidem maximize payment
6;Human Program Agent;Music;autem;14766;2023-08-04;Intelligent;aggregate clearly;Ameliafort;East Hybrid;Niue;Northwest Agent Lilangeni;Fiji West splinter;magenta ivory Touring;FRENCH;3380;10380;7245;mesh
7;Human Infrastructure Consultant;Hawaii male;restfully;19369;2023-08-03;adulterate Diesel;over Applications;Velmachester;Electric perspiciatis;Aruba;easily Northeast Volvo;gee;content while systems;FRENCH;3352;20231;29205;Diverse digital
8;National Interactions Director;District Kong;bankruptcy pfft copy;1562;2023-08-03;National;Technician Borders;New Soledad;override Namibia;Isle of Man;Product repellendus;lime;ululate empower;SPANISH;23097;3796;30428;Baby
9;Lead Solutions Coordinator;Director bypassing;Nevada Lindgren impish;6669;2023-08-03;South Loan;Credit;Prohaskatown;green Malaysian;French Guiana;Berkshire East;Applications Electric payment;synthesizing Texas;DEUTSCH;21351;21433;25237;Coupe
10;Lead Identity Administrator;Licensed embarrassed;East port;30806;2023-08-04;Convertible Loan;azure New anti;New Keeley;nesciunt transmitter analyzing;Japan;firewall;Demigender aggregate;protocol repeatedly;ENGLISH;10812;5428;1104;Accountability
